Marathi,English
तो पळाला हसत हसत,He ran away laughing
मी पडलो मला लागलं,I fell
मला माहित आहे,I know
मी हरलो,I lost
मी काम करतोय,I am working
मी ठीक आहे,I&#39;m fine
आम्ही जिंकलो,We won
आपण सगळे जिंकलो,We all win
मला कॉल कर,Call me
मी तुला कॉल करतो,I call you
आम्हाला कॉल कर,Give us a call
तू जेवलास का?,Did you eat
एकदम छान घडी घातलिस,Full screened ambulance
बाहेर हो,Get out
दूर हो माझ्या नजरे समोरून,Get out of my sight
मला मदत कर,Help me
माझी मदत करा,Help me
मला वाचवा,Save me
मला वाचव,Save me
मी हॅरी आहे,I&#39;m Harry
माझं नाव हॅरी आहे,My name is Harry
मी जाडा आहे,I&#39;m thick
जाडा असलो तरी खूश आहे,Happy despite being thick
मी आजारी आहे,I&#39;m sick
मला ताप आला आहे खूप,I&#39;ve got a fever
माझं पोट दुखतय,My stomach hurts
ठीक आहे,Ok
सगळं ठीक होईल,Everything will be fine
झक्कास,Jest
एकदम झक्कास,Absolutely jittery
खूप मजा आली,It was a lot of fun
आम्हाला काळजी आहे,We care
आपण हरलो,You lose
आम्ही हरलो,We lost
"वेलकम, प्लीज आत या","Welcome, please or"
हे कोणी खाल्लं?,Who ate this?
एकदम मस्त बनवलं होतं,It was made very cool
कोण पळाला?,Who escaped?
का नाही?,Why not
अजिबात नाही,Not at all
मागे हो,Ask me
हट कुत्र्या,Hot dogs
शांत रहा,Kept calm
तू थोडा गप राहशील का?,Will you be quiet
मजा करा,Have fun
आपण मजा करूया,Let&#39;s have fun
खूप मजा येत आहे मला,I&#39;m having a lot of fun
तुम्ही मजा करत आहात ना?,Are you kidding
मी विसरलो,I forgot
"सॉरी, मी विसरलो","Sorry, I forgot"
मी पूजा करतो,I worship
मी ते वापरतो,That&#39;s what I use
मी प्रयत्न करीन,I will try
मी गरीब आहे,I am poor
मी श्रीमंत आहे,I&#39;m rich
खूप गरमी आहे,It&#39;s very hot
काय मस्त वातावरण आहे,What a cool atmosphere
"हॅरी ला किस कर, तो स्मार्ट आहे","Kiss Harry, he&#39;s smart"
हे नवीन आहे,It&#39;s new
सोड मला,Leave me
ती मेली,She died
तू पण मर जाऊन,You too will die
"ए सांगतोस काय, एकदम सही यार","What do you say, perfect man"
ते जिंकले,They won
ते हरले,They lost
लॉस झालं यार,Lost man
खूप प्रॉफिट झाला यार,Very profitable man
हॅरी हरला ना,Harry lost
हॅरी जिंकला ना,Harry won
तो रडला,He cried
ती हसली,She laughed
तो बोलला ,He spoke
ती लाजली,She was ashamed
हे वापर,Use it
ते नको वापरुस,Don&#39;t use it
बघ मला,Look at me
बघून घेईन तुला,Will see you
कोण आहेस तू?,Who are you
तूच हसला ना?,You didn&#39;t laugh?
किती गोड दिसते ती,How sweet it looks
खूप सुंदर आहे ती,She is very beautiful
पक्षी उडत आहे,The bird is flying
इथे ये,Come here
खाली बस आणि माझ्यासोबत बोल,Sit down and talk with me
कुत्रे किती आवाज करतात,How much noise do dogs make?
शी! मला नाही आवडत ते,Shi! I don&#39;t like that
रडू नको,Don&#39;t cry
मरु नकोस,Don&#39;t die
आज आपण फिरायला जाऊया,Let&#39;s go for a walk today
बाहेर जाऊया आज,Let&#39;s go out today
रेडी हो,Ready
तय्यार हो,Be ready
ते पकड,Te caught
तू घाणेरडा आहेस,You are filthy
ते धर,Te dhar
तो सेक्सी आहे,It&#39;s sexy
ती सेक्सी आहे,She is sexy
तो हॉट आहे,It&#39;s hot
ती हॉट आहे,She is hot
हे कसं झालं?,How did this happen?
तो कमवत नाही,He does not earn
तो खूप कमवतो,He earns a lot
तो माझा आहे,He is mine
ती माझी आहे,She is mine
झक्क मारली आणि इथे आलो,Jerked and came here
कसं चाललंय?,How are you doing
मस्त चाललंय,It&#39;s cool
मी जिंकेन,I will win
मी नाही जिंकणार,I&#39;m not gonna win
तिच्यासाठी जींकेन,Jenkin for her
तिच्यामुळे हरलो,Lost because of her
मी त्याला मारले,I killed him
त्याने मला मारले,He killed me
मी तुला बघितलं,I see you
त्याने मला बघितलं,He looked at me
तिने मला बघितलं ,She looked at me
मी त्यांना बघितलं,I looked at them
किती जोरात ओरडतोस,How loud you shout
किती छान ओरडतोस,What a great shout
मी बोर झालो आहे,I&#39;m bored
मला बोर होतंय,I&#39;m bored
कंटाळा आलंय साला,Tired of years
एकदम चींदी आहे,There is a lot of shit
खूप सुंदर आहे ते चित्र,The picture that is so beautiful
हे आपलं आहे,This is ours
हा कचरा वास मारतो,This rubbish smells
जाऊदे ना,Let&#39;s go
मला जाऊद्या ना घरी,Let me go home
मला आत घ्या,Take me in
तुला कापून टाकेन,Will cut you off
धमकी देतोस का रे?,Do you threaten
निघून जा इथून,Get out of here
टकला तुझा बाप,Luck your father
हैवान आहेस,You are human
शैतान आहेस,You are the devil
तू राक्षस आहेस,You&#39;re a monster
तू देवी आहेस,You are a goddess
तू सुंदर आहेस,You are beautiful
तू खूप नॉटी आहेस,You are so naughty
तुला समजत नाही का?,Do you not understand
एकदम चविष्ट जेवण आहे,Is a very tasty meal
खूप मजा आली ते खाऊन,It was a lot of fun eating it
खूप घान होती ती डिश,That dish was very Ghana
माझं पोट दुखायला लागलं,My stomach started to ache
तो खोटारडा आहे,He is a liar
ती खोटारडी आहे,She is a liar
ती हरामी आहे,She is a bastard
तो हरामी आहे,He&#39;s a bastard
मला भूक लागली,I was hungry
तुला भूक लागली का?,Are you hungry
काय फालतुगिरी आहे ही?,What &#39;s wrong?
लय भारी हा,Rhythm heavy
भारीच दिसतेस,You look heavy
नुसता जाडा झालाय,It&#39;s just getting thicker
रेडी झालास का?,Are you ready?
रेडी झालीस का?,Are you ready?
तुझाच आहे मी,I&#39;m yours
तुझीच आहे मी,You are me
तो रडला,He cried
ती रडली,She cried
परत बघ,Look back
किती स्वीट आहे ती,How sweet is that
तो किती हँडसम आहे,What a handsome it is
मी नाही आहे हुशार,I&#39;m not smart
तो मूर्ख आहे,He is a fool
ती मूर्ख आहे,She is a fool
प्लीज चूप रहा,Please be choosy
चूप रहा नाहीतर मारेन तुला,Shut up or else I&#39;ll kill you
ती म्हातारी आहे,She is old
तो म्हातारा आहे,He is old
बाजूला हो,Be on the side
बस ने जा,Just go
ही बस किती साफ आहे,How clean is this bus
ही बस घाणेरडी आहे,This bus is dirty
मला कॉल कर,Call me
मी तुला कॉल करीन,I will call you
शाब्बास,Well done
"वाह, काय बात आहे","Wow, what&#39;s the matter"
टाइम संपला,Time is up
वेळ संपली,Time is up
मी छान आवाज काढतो,I make great noise
माझा घसा बसला आहे,I have a sore throat
मी विसरलो,I forgot
सॉरी माझी चूक झाली,"Sorry, I was wrong"
मला माफ करा,I&#39;m sorry
तू बरोबर आहेस,You are right
तोच मार्ग बरोबर आहे,That is the way
तू कुठे आहेस?,Where are you
तो जाडा आहे,It&#39;s thick
तू जाडी आहे,You are thick
सगळे येडे आहे,Everything is here
तू खरच बेकार आहेस,You really are worthless
तुला काम धंदा नाहीये,You have no business
तू मरून जा,You die
काय मस्त दिसतोस,You look cool
काय रापचीक दिसतेस,What a raspy look
तू सुंदर गीत गातेस,You sing beautiful songs
तू राणी सारखी दिसतेस,You look like a queen
तू राजा सारखा दिसतोस,You look like a king
आपण लग्न करूया,Let&#39;s get married
तिला गाणं आवडतं का?,Does she like to sing
तू गातेस का?,You are of Gaetas?
तू  गातोस का?,You are Gatos?
किती छान गातेस,What a beautiful song
किती अप्रतिम गातोस,What a wonderful song
तू शेव कर,You shave
हे बघ,See this
तू हे सुंदर फूल बघ,You see this beautiful flower
ती तुला आवडली का?,Do you like it
तू त्रास नको देऊस,Don&#39;t worry
त्रास दिलास तर मारेन,"If you suffer, you will die"
गपचुप चालता हो,Have a chat
निघून जा कायमचा ,Leave forever
आम्ही मुलं आहोत,We are children
तुम्ही मुली आहात,You are a girl
ती मला पायजे ,She found me
ती माझीच आहे,She is mine
तो माझाच आहे,He is mine
माझी मदत करा प्लीज,Please help me
मदत केल्याबद्दल धन्यवाद,Thanks for helping out
मी थांबतो,I stop
तू थांबशिल का?,Do you stop
आपण काम करू,We will work
आम्ही मजेत आहोत,We&#39;re having fun
तुम्ही का इतके उदास?,Why are you so sad
तुला वाईट वाटलं का?,Do you feel bad
मला वाईट वाटलं,I feel bad
मला नाही जमत,I do not agree
ती कोण आहे?,Who is she
ती हॉट आहे,She is hot
तो हॉट आहे,It&#39;s hot
ती का ओरडली?,Why did she scream
किती कर्कश आवाज आहे तिचा ,What a jarring sound it is
तू ठरव,You decide
तुला जेल मध्ये टाकेन,Throw you in jail
झालं का तुझं?,Why are you
तुझं मस्त झालं,You&#39;re cool
तू भांडू नकोस,You don&#39;t argue
भांडलास तर वाईट होईल,"If you argue, it will be worse"
मारून टाकेन तुला मी,I&#39;ll kill you
तू देव आहेस का?,Are you god
देवासारखा आलास बघ,Look like God
तू तर दानव आहेस,You are a demon
माफ कर मला,I&#39;m sorry
मी तुला माफ केलं,I&#39;m sorry you
जा कपडे बदल,Change clothes
कपडे घान आहे,The clothes are Ghana
कपडे छान आहे,The clothes are nice
सुरू कर गाडी,Carriage
जा मस्ती करा,Have fun
आपण मस्ती करूया,Let&#39;s have fun
माझी गाडी कुठे आहे?,Where is my car?
बस ना,Settle
बसून बोलूया ना,Let&#39;s sit down and talk
आपण बसुया का?,Shall we sit
तुला वाचता येतं का?,Can you read
तू वाचवलं मला,You saved me
तू त्रास दिलास मला,You hurt me
तुझ्याकडे दारू आहे का?,Do you have alcohol
किती महाग आहे ही गाडी,How expensive is this train
तू खुश आहेस ना?,Are you happy
मी जाम खूश आहे,I&#39;m happy jam
तू खूप तरुण आहे,You are very young
तू कसा इथे आलास?,How did you get here
तू तर हीरो आहेस,You&#39;re a hero
तू किती उंच झालास,How tall have you been
"शाब्बास, उंची गाठली","Shabbos, reached altitude"
तुला नाचता येतं का?,Can you dance
मी तर डान्स मध्ये एक्स्पर्ट आहे,I&#39;m an expert in dance
एकदम सुंदर पिक्चर आहे,It&#39;s a beautiful picture
मुलुंड पश्चिम किती मोठा आहे,How big is Mulund West
क्या बात.. मूवी एकदम मस्त.. मजा आली,What is it .. the movie is very cool .. fun
छान आहे मूवी,Great movie
तू चांगला आहेस,You are good
गजानन चा वडापाव सगळ्यात बेस्ट आहे,Gajanan&#39;s Vadapav is the best of all
आज च दिवस खूप छान आहे,It&#39;s a nice day
तू किती मस्त दिसतेस,How cool you look
Kfc चा बर्गर खूप मस्त आहे,Kfc&#39;s burger is super cool
काका हलवाई ची मिठाई खूप छान आहे,Uncle Halvai&#39;s dessert is very nice
मला नाचायला खूप आवडतं,I love to dance
तू खूपच हुशार आहेस,You are so smart
हा हीरो अॅक्च्युअली चांगला अॅक्ट करतो,This hero performs virtually well
मुंबई खूप छान शहर आहे,Mumbai is a very nice city
मुंबई राहायला खूप छान शहर आहे,Mumbai is a great city to live in
घरातील पडदे सुंदर आहेत,The curtains in the house are beautiful
टीव्ही मधील बातम्या हे सदर चांगले आहे,This is good news in TV
शरीरासाठी मॉर्निंग वॉक चांगला आहे,Morning walk is good for the body
प्रायव्हेट शाळेतील सोयी छान आहेत,Private school facilities are great
लता मंगेशकर यांनी गायलेली गीत फारच सुंदर आणि ऐकावेसे वाटते,The song sung by Lata Mangeshkar is very beautiful and beautiful to listen to
सकाळी दूध पीने चांगले आहे,Drinking milk in the morning is good
रोज सकाळी लवकर उठावे ,Get up early every morning
ही डिश चांगली आहे,This dish is good
हा गेम एकदम मस्त आहे,This game is pretty cool
भाऊ कदम माझा फेवरेट आहे,Brother Kadam is my favorite
खेळायला मजा येते,It&#39;s fun to play
आजचा दिवस खूप घाण आहे,Today is very dirty
मॉर्निंग वॉक करायला कंटाळा येतो,Tired of doing a morning walk
सकाळी दारू नसते प्यायची,In the morning there was no alcohol
ही डिश फालतू आहे,This dish is crap
तो तर विलन दिसतो,He looks villainous
एकदम बेचव फ्रॉईड राइस मिळतो इथे,You get the best-selling fried rice here
मुलुंड पूर्व खूप कॅंजेस्तेड आहे,Mulund East is very congested
बकवास फ्रॉईड राइस,Buckwheat Fried Rice
मला नाही आवडला फ्रॉईड राइस,I did not like fried rice
तू हरामखोर आहेस,You are a bastard
भांडुप मध्ये रिक्षा मिळतच नाही,There is no rickshaw in the capital
ती तुला पटणार नाही,She won&#39;t convince you
तो एवढा चांगला गात नाही,It&#39;s not such a good song
रॉयल ची बिर्यानी खूप बकवास आहे,Royal Cheerleader is so crap
शिरूर चा वडापाव चांगला नसतो,Shirur&#39;s ancestry is not good
मला नॉन व्हेज खायला आवडत नाही,I hate eating non-veg
हॅरी आजकाल विचित्र वागत आहे,Harry is behaving strangely these days
त्या मूवी मध्ये खूप ओव्हर अक्टिंग केली होती,There was a lot of over-acting in that movie
दारू शरीरासाठी नुकसानकारक आहे,Alcohol is harmful to the body
मुंबईची गर्दी फारच बेकार आहे,The Mumbai crowd is very useless
घराला भडक रंग दिलेले बेकार दिसतात,The house looks vivid with its vivid colors
टीव्ही मधील क्राईम स्टोरी ही सीरियल बेकार आहे,Crime Story from TV is a serial nonsense
दारू शरीरासाठी चांगली नाही,Alcohol is not good for the body
सरकारी शाळेत चांगल्या सोयीच नसतात ,Government schools do not have good facilities
बेसूर गायलेली गीत नकोस वाटते,You don&#39;t want to sing a song
चहा पिणे बेकार,Drinking tea is useless
जास्त वेळ झोपू नये,Do not sleep for long
इथे कपडे बकवास मिळतात,Here the clothes get crap
इथे गेम सीडी नाही मिळत,Can&#39;t find a game CD here
बद्रिके ला अक्टिंग येत नाही यार,Badrike does not have any Octing Man
खेळताना लागू शकतं,Can apply while playing
मला चिकन आवडतं,I like chicken
हॅरी किती रोमँटिक आहे,How romantic Harry is
दारू तर नशा आहे,Alcohol is addictive
बिर्यानी माझी आवडती आहे,Biryani is my favorite
थिएटर मध्ये नाटक बघुया,Let&#39;s see the drama in the theater
नाटक अप्रतिम होतं,The play was wonderful
चहा तर जिंदगी आहे,Tea is life
जास्त झोपलो तर फ्रेश वाटते,Feeling asleep if I sleep too much
सरकार खराब आहे,The government is bad
इथे कसलीच सोय नाहीये,There is no comfort here
बद्रिके छान अभिनय करतो,Badrike plays great
मुंबई सगळ्यात छान शहर आहे,Mumbai is the best city
टीव्ही बघण्यात आनंद मिळतो,I enjoy watching TV
गर्दी मध्ये श्वास घेता येत नाही,Can&#39;t breathe in the crowd
हे सगळं इतर कुठल्याही दुकानात मिळेल,It can be found in just about any other shop
देशमुख गार्डन 8 वाजता उघडतं,Deshmukh Garden opens at 8pm
नोवेलटी शॉप मध्ये सगळंच मिळेल,Everything can be found in the Novelty Shop
नोवेलटी शॉप मध्ये सगळ्या वस्तू मिळतात,Everything is available at the Novelty Shop
तिथे कुत्रा झोपला आहे,The dog is sleeping there
मुलुंड नंतर नाहूर स्टेशन ची गरज आहे का,Do you need a Nahur station after Mulund?
खालून भाजी आन,Fry the vegetables on the bottom
मी बाहेर होतो,I was out
पविलिअन मॉल मध्ये सगळं मिळतं,Everything is available at Pavilion Mall
डी-मार्ट मध्ये सगळ्या वस्तू मिळतात,D-Mart gets everything
लोकांनी वाचन करायला हवं,People should read
मला ना वर्ल्ड टूर ल जायचं आहे,I want to go to a world tour
हे त्या मूवी च मोरला होतं,It was about that movie
बॉलिवूड मुंबई मध्ये आहे,Bollywood is in Mumbai
मुंबईची कायदा व्यवस्था उत्तम आहे,Mumbai&#39;s law system is good
घराला घरपण आपल्या माणसांमुळे मिळते,Home is a home for our people
टीव्ही पाहणे योग्य आहे,It&#39;s worth watching TV
शरीर छान ठेवणे ही काळाची गरज आहे,Keeping the body cool is the need of the hour
शाळेत सगळ्या प्रकारचे शिक्षण दिले जाते,All kinds of education are provided in the school
गाणे ऐकणे हा छंद असावा,Listening to a song should be a hobby
"चहा, कॉफी हॉटेल मध्ये मिळेल","Tea, coffee will be found in the hotel"
योगा करणे खूप चांगलं आहे,Yoga is very good to do
हे आईस क्रीम पूर्ण महाराष्ट्र मध्ये मिळतं,This ice cream is available all over Maharashtra
मे काय करू?,What can i do
शो छान आहे,The show is cool
काय खेळायचे?,What to play
मुलुंड स्टेशन मस्त आहे,Mulund station is cool
कालचे जेवण खराब झाले,Yesterday&#39;s meal was bad
लोक वाचतील तर हुशार बनतील,People will become smarter if they read
पुस्तके वाचणे चांगले असते,It&#39;s good to read books
वर्ल्ड टूर करायची मजाच वेगळी आहे,The fun of doing a world tour is different
देशमुख कुठे आहे?,Where is Deshmukh?
मला जेवण नको,I don&#39;t want a meal
मला चायनीज चालेल,I would like Chinese
फ्राईड राईस चविष्ट आहे,Fried rice is tasty
मी ब्रेड खातो,I eat bread
मला ब्रेड आवडतो,I love bread
मला फ्रूटस पण आवडतात,I also like Frutus
तुला काय आवडतं?,What do you like
तू व्यायाम करतो का?,Do you exercise
व्यायाम शरीरासाठी चांगला असतो,Exercise is good for the body
मला धूम्रपान आवडत नाही,I hate smoking
तुला मच्छी आवडते का?,Do you like mosquitoes?
मच्छी तर बेस्ट आहे,Fish is the best
भात आणि मच्छी बेस्ट कॉम्बो आहे,The best combo of rice and fish is
चिकन आणि भात सर्वात भारी आहे,Chicken and rice are the heaviest
मे बनवू का?,May I make it?
मला एकदम चविष्ट चिकन बनवता येतं,I can make very tasty chicken
मी एकटाच राहतो,I live alone
तू राहशील का माझ्यासोबत?,Will you stay with me
एकटं राहायला मजा येते,It is fun to be alone
एकटं राहिलं तर काहीही करता येतं,"If left alone, anything can be done"
मला थोडा वेळ हवा,I&#39;d like some time
मला वेळच मिळत नाही,I just can&#39;t find the time
कुठे जायचं हनिमून ला?,Where to go on honeymoon?
तू सांगशील तिकडे जाऊ,Go wherever you say
एक गोष्ट सांगू का तुला?,Can you tell me one thing?
तिथेच जाऊया छान आहे ती जागा ,Nice place to go there
आणि काय करूया तिकडे?,And what do we do there?
तुला काय करावसं वाटतं?,What do you want to do
मला थोडा वेळ हवा,I&#39;d like some time
तुला किती टाइम लागेल?,How much time do you need
मला गॅस चा वास येतोय,I smell gas
गॅस चा वास किती मोहक आहे ना,How fascinating is the smell of gas
मला थोडं अजून मिळेल का?,Can I have some more?
अजून दिलास तर बरं होईल,"If you give more, it will be better"
मला तूच हविस,I want you
तू माझी होशील का?,Will you be mine
मे एकटा होतो,I was alone
नागडा करून मारेन,I will kill you naked
मी दमलो,I&#39;m tired
मी येतो उद्या,I&#39;ll come tomorrow
उद्या जाम मज्जा येईल,Tomorrow will be jam fun
मी खोटं नाही बोलत,I&#39;m not lying
ती सद्ध्या काय करते?,What does she do?
दुनियादारी करूया,Let&#39;s do it
टाइमपास करूया,Let&#39;s do the timepass
मी ते विकत घेतो,I buy it
ती वस्तू मला आवडली,I like that stuff
मी आरडाओरडा करेन,I&#39;ll shout
तू आवाज नको करुस,You don&#39;t want to sound
मी जेल मध्ये आहे,I&#39;m in jail
जेल खूप वाईट,Prison too bad
मी तंदुरुस्त आहे,I&#39;m fit
हेल्थ ची काळजी घेणे आवश्यक आहे,Health care is a must
"मी टॉम नाहीये, मी हॅरी आहे","I&#39;m not Tom, I&#39;m Harry"
मी खूप पॉप्युलर आहे,I&#39;m very popular
मला प्रसिद्धी आवडते,I love fame
मी हे वाचतोय,I&#39;m reading this
"हे वाच, तुला आवडेल","Read this, you&#39;ll love it"
सगळं खरं होतं का?,Was everything true?
हे स्वप्न तर नाही?,Isn&#39;t it a dream?
एकदम घाबरलो मी,I was terrified
ही फ्रेंच भाषा आहे,This is a French language
फ्रेंच किती सुंदर भाषा आहे,What a beautiful language French
हे गाणं छान आहे,This song is awesome
गाणं गाऊया का?,Should we sing a song?
मला गाऊदे ना घरी,I am not at home
चल सुरू करूया,Let&#39;s get started
चला सुरू झाला खेळ,Let&#39;s start the game
माझे माहेर पंढरी,My Maher Pandhari
तुझे माहेर कुठे आहे?,Where is your maher
माहेरची साडी मस्त आहे,Maher&#39;s saree is cool
तिचं ती बघेल,She will see it
तुझं तू बघ,See you
तो खूप मनमोहक आहे,He is very charming
तू माझं मन जिंकलस,You win my heart
तुझी अदा सगळ्यात भारी,Your pay is the heaviest
चल ढोल वाजवूया,Chal Dhol Vajavuya
नगारा वाजवता येतो का?,Can a town be played?
बासरी सगळ्यात सुरीली आहे,The flute is the most melodious
तो तुझा मित्र आहे का?,Is he your friend
माझा मित्र लई भारी,My friend Lai heavy
माझी पार्टी बेस्ट होती,My party was great
तू प्रयत्न तर कर,If you try
तू यशस्वी होशील,You will succeed
तुझ्या लक्षात आहे का?,Do you remember
बघ आठवून,Look back
त्याने तिला मारले,He killed her
तिने त्याला मारले,She killed him
दोघं नंतर हसले,The two then laughed
मग काय झालं माहितीये का?,Do you know what happened?
त्यांनी लग्न केलं,They got married
मग ते सुखी झाले,Then they rejoiced
झाली ना गोष्ट मजेदार?,Didn&#39;t it sound funny?
ते माझं आहे,That&#39;s mine
त्यांनी फोन केला होता,They had called
ते थांबले होते तुझ्यासाठी,They were waiting for you
तो चांगला मुलगा आहे,He&#39;s a good boy
ती हुशार आहे,She&#39;s smart
तिला तू आवडलास,She liked you
सौरभ लग्न कर,Saurabh Lagna Kar
त्याचं लग्न ठरलं,He got married
मुलगी चांगली आहे,The girl is good
ती माझी आहे,She is mine
ते नाचले,They danced
ते खूप छान नाचले,They danced very well
ते माझ्यासाठी थांबले नाही,That did not stop for me
मी काय कार नाही आणली,What a car I didn&#39;t bring
कार असेल तर मज्जा येईल,Having a car will be fun
ही खूप मोठी गोष्ट आहे,That&#39;s a big deal
काय नाचू मग मी?,What do I dance to?
त्याला वाजवा रे,Play him
तो एकदम बिंडोक आहे,It is absolutely bindok
ती एकदम फालतू पोरगी आहे,She&#39;s a dirty porgy
तो बुडून मला,It sank me
तो खूप वाया गेलेला आहे,It&#39;s too wasted
ती नाही बोलली,She didn&#39;t speak
तिला मी नाही आवडत,She doesn&#39;t like me
त्याने तिला पाहिले तर तो खुश झाला,He was pleased if he saw her
तिने त्याला हृदय दिलं,She gave him a heart
ती मनाची परी आहे,She is an angel of the heart
असं माझ्या डोळ्यांच म्हणनं आहे,That&#39;s what my eyes say
चंद्र तुझ्यासमोर झक मारतो,The moon hits you
तुझी झोप कोणी उडवली? मी? ,Who made your sleep? Me?
मी तुझ्यावर प्रेम करतो,I love you
आडवा आलास तर कापून टाकेन,"If cut horizontally, I will cut it"
चल बाजूला हो!,Come on!
जातोस का लात घालू?,Why kick me out?
चल ना जा ना निघ इकडून,Let&#39;s not go or leave here
माझे वडील श्रीमंत आहे,My father is rich
तुझे वडील खूप देखणे आहे,Your father is very handsome
तुझी आई किती गोड आहे,How sweet is your mom
तुझे पप्पा पोलिस आहे?,Is your dad a cop
मला नाही आवडत सरकारी नौकरी,I don&#39;t like government jobs
साखर खूप गोड असते ना?,"Sugar is very sweet, isn&#39;t it?"
मला नाही बोलायचं तुझ्याशी,I didn&#39;t want to talk to you
तू तुझं काम कर ना,You do your job
मला त्रास नको देऊस तू,Don&#39;t bother me
मला मिठाई आवडते,I love sweets
मला बर्फी पण खूप आवडते,I love Barfi but so much
माझ्याकडे पैसे नाहीये,I have no money
तू दे ना पैसे ,You give no money
तू तर जाम मालामाल आहेस यार,You are a jam
माझ्याकडे 2 गाड्या आहे,I have 2 cars
मी आणतो ना तुझे कपडे,I&#39;ll bring you your clothes
तुझी चावी हरवली यार,Your key is lost man
मी नाही झोपलो,I didn&#39;t sleep
मला एक आवाज आला,I got a voice
मी पण तो ऐकला,But I heard it
मला ते जस्ट सापडलं,I just found that out
तू टॉम ला तर ओळखतच असशील,You know Tom
मी तिला ओळखतो,I know her
मी कोण आहे माहित आहे का?,Do you know who I am?
मला कार्टून आवडतात,I love cartoons
तू माझ्यासोबत पिक्चर बघायला येशील का?,Will you go see the picture with me?
मला भांडायला आवडतं,I like to argue
मला डान्स आवडतो,I love dance
मी खूप वेग वेगळे डान्स करू शकतो,I can dance very differently
स्वप्न पाहणे हा माझा छंद आहे,My dream is to dream
मी जपान मध्ये राहतो,I live in Japan
मी टॉम सारखा दिसतो,I look like Tom
माझा फोन कुठेतरी हरवला,I lost my phone somewhere
माझं वॉलेट पण हरवला,I lost my wallet
मला शिकायला आवडतं,I like to learn
मला शिकवायला पण आवडतं,I love to teach but also
मला लेखनाची आवड आहे,I love writing
मला एक पेन्सिल देतेस का?,Can you give me a pencil?
मी हेल्मेट घेऊन येतो,I bring a helmet
मला तुझी एक हेल्प हविये,I&#39;d like a help from you
मी तुझा कैदी आहे,I am your prisoner
सोड मला इथून जाऊ दे,Leave me here
मी बिल भरतो,I pay the bills
मला फुटबॉल आवडते,I love football
मी टेनिस खेळायचो,I used to play tennis
मला कॉफी जास्त आवडते,I love coffee more
मी रोज पाळतो ट्रेडमिल वर,I follow the treadmill everyday
मला पळायला आवडतं,I like to run
मी त्याला नंगा पाहिलं,I saw him naked
जिम मध्ये तो नागडा फिरतो,In the gym he walks naked
मी दिवसभर झोपलो मस्त पैकी,I slept all day long
मला चिकन च वास येतोय,I smell chicken
मी इंग्लिश बोलतो,I speak english
मला इंग्लिश लिहिता देखील येते,I also write English
इतिहास माझा जिवलग विषय आहे,History is my personal subject
मी ते पुस्तक हरवलं,I lost that book
मी तुझी बाजू मान्य करतो,I agree with your side
मी मदत करायचा प्रयत्न केला देखील,I also tried to help
मला एक वकील हवाय,I&#39;d like a lawyer
मला थोडा चहा मिळेल का?,May I have some tea?
ती सुंदर बॅग माझीच आहे,That beautiful bag belongs to me
मला स्वप्नात नाचायचे,I used to dance in a dream
मला झोप आलिये,I got sleep
मला तुझ्याशी काहीतरी बोलायचं आहे,I want to talk to you about something
मला तू परत हवी आहेस,I want you back
मला तू परत हवा आहेस,I want you back
मी अजून तुझ्यावर प्रेम करतो,I still love you
मी अजून तुझ्यावर प्रेम करते,I still love you
मी सैनिक आहे,I&#39;m a soldier
मी सैनिक होतो,I was a soldier
मी एक टीचर देखील होतो,I was also a teacher
मला फाईटिंग येते,I love Fighting
मी मार्शल आर्ट चॅम्पियन आहे,I am a martial arts champion
माझ्यावर हल्ला झाला,I was attacked
मी तर गाडीत होतो,I was in the car
ट्रेन ने जायला हवं होतं,Had to go by train
मी शॉपिंग ला चाललोय उद्या,I&#39;m going shopping tomorrow
शॉपिंग ने माझं मन हलकं होतं,Shopping made my mind light up
मी कथा लिहितो,I write stories
मला गोष्टी लिहायला मजा येते,I enjoy writing things
मला हॉरोर नाही आवडत,I hate Horror
हॉरोर फार घान आहे,Horror is very Ghana
मी दहा वाजता येतो,I arrive at ten o&#39;clock
मला थोडा उशीर होईल,I&#39;ll be a little late
मी दमलो खूप,I&#39;m tired
मी खूप थकलोय,I&#39;m so tired
मी नाही करू शकत ते,I can&#39;t do that
मी तुझा नौकर नाहीये,I&#39;m not your servant
मी एक इंजिनिअर आहे बरं का,Well I&#39;m an engineer why
मी पोलिस झालो!,I&#39;m a cop!
मी तुला फोन लावतो,I call you
मला काहीच घाई नाहीये,I&#39;m in no hurry
मी नुस्तं विचारलं,I just asked
मी जाऊ तुला सोडून?,Can i leave you
नको जाऊस मला सोडून,Don&#39;t want to leave me
मी रडेन तू गेलीस तर,I will cry if you go
मी रडेन तू गेलास तर,I will cry if you go
मी काय चोर वाटतो तुला?,What do you think I am a thief?
तू माझ्यावर चोरी चा आढ घेतोय,You&#39;re trying to steal from me
मी भांडत नाहीये,I&#39;m not arguing
मी तुला मारून इथेच गाडेन,I&#39;ll kill you and bury you here
मी अजून जिवंत आहे,I&#39;m still alive
मला तर लाजच वाटते,I&#39;m ashamed
मला खूप भूक लागली आहे,I&#39;m so hungry
मला काही खायला मिळेल का?,Can I have something to eat?
अरे वाह! किती गोड आहे हा चहा,Oh wow How sweet is this tea
मी तुझा आभारी आहे,I thank you
तू अॅक्टर आहेस का?,Are you an actor
हो मी एक कलावंत आहे,Yes I am an artist
तुझ्या स्वप्नात आलेलो का मी?,Did i come to your dream
इथे कोणी आहे का?,Anyone here?
तिथे कोणी लपलाय का?,Is anyone hiding there?
चल ना दारू पाजतो तुला,Let&#39;s not get drunk
नको मी मध्यपान नाही करत,"No, I&#39;m not drinking"
तो श्वास घेतोय का? का मला!,Is he breathing? Why me!
बातमी गोड आहे,The news is sweet
बातमी वाईट आहे,The news is bad
बातमी काय आहे सांगशील??,What is the news?
हे खूप लहान आहे का?,Is it too small?
ती काय जपानी आहे का?,Is she Japanese?
तो कुठला पक्षी आहे?,What bird is that?
तो कुठला प्राणी आहे?,What animal is that?
तो पक्षी किती रुबाबदार आहे,How cute is that bird
तो वाघ किती भारी आहे,How heavy is that tiger
तुझ्याकडे क्रेडिट कार्ड आहे का?,Do you have a credit card
मला कार्ड हवं आहे,I&#39;d like a card
ती बँक सर्वात छान आहे,That bank is the coolest
ती बँक सर्वात घान आहे,That bank is the most Ghanaian
मला एक छान गाणं ऐकव,Tell me a nice song
तू तुझं तोंड काळं कर,You make your mouth black
तू घरात कुठून आला?,Where did you come from
मी तुला बाहेर काढेन,I&#39;ll take you out
तू किती निर्लज्ज आहे,How shameless are you
तुला दुसरं काहीच काम नाही का?,Do you have anything else to do?
असं विचित्र का वागतोय?,Why are you acting so strange?
सासू पेक्षा सून श्रेष्ठ,Soon better than mother-in-law
सूने पेक्षा सासू बिनडोक,Mother-in-law Binodoc than Sune
त्याने खूप मेहनत केली,He worked very hard
शॉपिंग केली तर खर्च होतो,Shopping costs money
आजकालच्या मुव्हीज खूप बोरिंग आहे,Movies nowadays are very boring
मला ते तसच हवंय,That&#39;s what I want
आपण फार लहान आहोत,We are too young
सांग मला मी काय करू,Tell me what I will do
मी तुझा मुलगा आहे का?,Am i your son
मला आवडेल तुला आई म्हणायला,I&#39;d love to call you a mother
तू ती इमारत बनवलीस का?,Did you make that building?
फार उचं आहे ती इमारत,The building is very high
ती सोसायटी तर एकदम श्रीमंत आहे,That society is very rich
तू राहायला कुठे आहेस?,Where are you staying
आला रे आला!,"Come on, come on!"
सचिन माझा फेवरेट आहे,Sachin is my favorite
मला क्रिकेट फार आवडतं,I like cricket very much
फुटबॉल तर माझी जान आहे,Football is my life
तुला अजुन कुठले खेळ आवडतात?,What other games do you like?
मला कराटे एकदम छान येतं,I like karate very well
चल लग्न करून पळून जाऊया,Let&#39;s get married and run away
आपण आपलं काम करूया,Let&#39;s do our job
मी एक केक बेक करू का?,May I bake a cake?
केक ची चव एकदम सुपर आहे,The taste of the cake is super super
बघ निसर्ग किती सुंदर आहे,See how beautiful nature is
बघ पोरी किती सुंदर आहे,See how beautiful Pori is
बघ ती किती सुंदर आहे,Look how beautiful she is
मी हे इथे ठेऊ का?,Should I put it here?
मला थोडासा आराम करायचा आहे,I want to relax a bit
माझे कुत्रे एकदम शुद्ध आहे,My dogs are very clean
माझे कान वाजताय,My ears are still
माझे वडील फार उंच आहे,My father is very tall
माझे हाथ बांधले आहे,My hand is tied
तुझ्याशिवाय मन नाही रमत,Without you there is no mind
काय करू मी यार?,What do i do
आता हे होणे शक्य नाही,It can&#39;t happen now
तुझ्यासाठी मी चंद्र तोडून आणेन,I will break the moon for you
ती गाणं गायला लागली,She began to sing
ती घाणेरडं गाणं गायला लागली,She began to sing dirty songs
ती सुंदर गाणं गाऊ लागली,She began to sing beautiful songs
तो खूप उंच उडी मारतो,He jumps very high
ती खूप उंच उडी मारते,She jumps very high
तो मला थांबवतोय,He&#39;s stopping me
ती मला थांबवतेय,She&#39;s stopping me
तो जास्त लांब नाही जाऊ शकत,He can&#39;t go too far
ती जास्त लांब जाऊ शकते,It can go a long way
तिच्याकडे फोटो आहे,She has a photo
त्याच्याकडे फोटो आहे,He has a photo
तिचे डोळे निळे आहे,Her eyes are blue
त्याचे डोळे काळे आहे,His eyes are black
ती रडायला सुरू करेल,She will start to cry
तो रडायला सुरू करेल,He would start crying
ती खूप आकर्षक आहे,She is very attractive
तो खूप आकर्षक आहे,He is very attractive
तो तिचा मित्र आहे,He is her friend
ती त्याची मैत्रीण आहे,She is his girlfriend
तिने आजुबाजुला बघितलं,She looked around
त्याने तिच्याकडे दगड फेकला,He threw stones at her
तिने माझी हजामत केली,She shaves me
तू मला सांगितलं नाहीस,You didn&#39;t tell me
तिने मला सांगितलं नाही,She didn&#39;t tell me
तिला जर्मन बोलता येते,She can speak German
त्याला जर्मन बोलता येते,He can speak German
ती त्याला घेऊन घरी गेली,She took him and went home
तो तिला घेऊन घरी गेला,He took her and went home
मला त्यांचा फोटो दाखव,Show me a photo of them
ते सुंदर फोटो कुठे आहेत?,Where are those beautiful photos?
ह्या फुलाचा वास घे,Smell this flower
आत कोणीतरी आहे,There&#39;s somebody inside
कोणीतरी बोलत आहे,Someone is talking
माझ्यापासून लांब रहा,Stay away from me
मला छेडू नकोस,Don&#39;t touch me
मला ते आवडत नाही,I don&#39;t like it
किती विचित्र आहे ना?,How strange is it?
तू खोटारडी निघशिल असं वाटलं नव्हतं,You didn&#39;t think you were a liar
तू खोटारडा निघशील असं वाटलं नव्हतं,You didn&#39;t think you would be a liar
मला आता खरं खरं सांग,Tell me the real truth now
काळजी केल्याबद्दल धन्यवाद,Thanks for worrying
तो मुलगा हुशार आहे,That boy is smart
ती मुलगी हुशार आहे,That girl is smart
चतुराई एक कला आहे,Cleverness is an art
खेळ फार मजेदार होता,The game was very fun
तो बंगला किती मोठा आहे,How big is that bungalow
ती झोपडी किती लहान आहे,How small is that hut
ही जमीन थंड आहे,This land is cold
हे सरबत थंड आहे,This syrup is cold
हा चहा किती गरम आहे,How hot is this tea
ती त्याची बायको आहे,She is his wife
तो तिचा नवरा आहे,He is her husband
तिने घंटी वाजवली,She rang the bell
तो नेहमी खरं बोलतो,He always speaks the truth
ती नेहमी खोटं बोलते,She always lies
ते परत नाही घडणार,It&#39;s not going to happen back then
तो माझा जिवलग मित्र आहे,He is my best friend
ती माझी जिवलग मैत्रीण आहे,She is my best friend
ती त्याची शत्रू आहे,She is his enemy
तो तिचा शत्रू आहे,He is her enemy
तो सगळ्यांचा शत्रू आहे,He is the enemy of all
तो कोणालाच आवडत नाही,He does not like anyone
ती कोणालाच आवडत नाही,She does not like anyone
ती सगळ्यांना शिवी देते,She gives it to everyone
तो मुलगा दमलेला,The boy fainted
ती मुलगी दमलेली,The girl fainted
ती त्याला चावली,She bites him
तो तिला चावला,He bites her
कॉफी फारच गरम होती म्हणून सांडली,The coffee was too hot to handle
कॉफी एकदम भंगार होती म्हणून टाकून दिली,Coffee was ruined because it was a waste
चेक बाऊन्स झाला ना,Check bounce didn&#39;t happen
बँकेत पैसेच नाहीयेत तर काय होणार?,What if there is no money in the bank?
आता मी कुठून आणू पैसे?,Where do I bring the money from?
मला काम धंदा नाहीये ना,I have no business
इतका मोठा मार्केट कुठे आहे?,Where&#39;s the big market?
मला काय माहीत.. तू तुझं बघ,What do I know .. look at you
दुखणं आहे का गेलं?,Is it sad
मला फार त्रास होतोय या सगळ्यांचा ,I&#39;m having a lot of trouble
माझं डोकं दुखायला लागलंय तुझ्यामुळे,My head is hurting because of you
तुला कितीही समजावलं तरी तू बिंडोकच राहणार,"No matter how much you understand, you will remain blind"
हा फोन किती स्वस्त आहे,How cheap this phone is
इथे भाडे किती कमी आहे,Here&#39;s how low the fare is
ही अफवा कोणी पसरवली?,Who spread the rumor?
सूर्य एक तारा आहे,The sun is a star
तारा आणि सितारा माझे मुले आहे,The star and the star are my children
तारा वाया गेलेली मुलगी आहे,Tara is a lost girl
टाकी रिकामी कोणी केली?,Who emptied the tank?
पाण्याची टाकी तू भरलीस का?,Have you filled the water tank?
पाणी किती गढूळ आहे!,How dirty the water is!
हे पाणी विषारी आहे,This water is poisonous
ही पण नालायक आहे,It is also worthless
पाणी खूप गरम आहे,The water is very hot
मी नाही करणार अंघोळ,I&#39;m not going to bathe
मला घाणेरडं राहायला आवडतं,I like to stay dirty
मी दिवाळी साजरी करणार,I will celebrate Diwali
पोल्युशन नाही केलं पाहिजे आपण,You should not have pollution
कचरा देखील नाही टाकला पाहिजे,Garbage should also not be dumped
स्वच्छ भारत अभियान चांगली स्कीम आहे,Swachh Bharat Abhiyan is a good scheme
मोदी आपला प्रधान मंत्री आहे,Modi is your Prime Minister
आम्ही सगळे गावी जातोय,We are all going to the village
मला केळ आवडतं,I like banana
तिला केळ आवडतं,She likes bananas
फळं हेल्थ साठी चांगले असतात,Fruits are good for health
ताज्या ताज्या भाज्या खाल्ल्या पाहिजे,Eat fresh fresh vegetables
लादी पुसून काढ,Wipe the load
तू या घरची नोकर आहेस,You are the servant of this house
तू या घरचा नोकर आहेस,You are the servant of this house
तुझ्यासाठी पोरगी बघितली आहे,See the porch for you
पोरगी फार सुंदर आहे दिसायला,Porgy looks very beautiful
तुला नक्की आवडेल ती!,You will definitely like it!
आता बेकी कोण आहे?,Who is Becky now?
मला नाही करायचं काही जेवायला,I didn&#39;t want to eat anything
चल ना उद्या जाऊया मार्केट ला,Let&#39;s not go to the market tomorrow
मला फार खरेदी करायची आहे,I want to buy a lot
ए नाकतोड्या इकडे ये!,"Come here, noses!"
तू इथे येतोस का तिथे येऊन तुझी पप्पी घेऊ?,Do you come here and take your puppy?
ये इथे आणि घे पप्पी!,Come here and take puppy!
प्लीज मला सोड इथेच,Please leave me here
डिव्होर्स हवाय मला,I want divorces
मी मही देणार तुला डिव्होर्स,I&#39;ll give you a month for divorces
तू माझी बायको आहेस ना?,Are you my wife
हो पण तू माझा नवरा नाहीये,Yes but you are not my husband
ए जाऊदे ना आता का चिडतेस?,Why are you annoyed now?
मग काय नाचू तुझ्यासाठी?,So what will you dance for?
जा आणि जेवण घेऊन ये,Go and have a meal
हो! तुझ्यासाठी एकदम भारी जेवण आणतो,Yes! Bring you a very heavy meal
तू फक्त चिडू नकोस!,You just don&#39;t yell!
